kind	path	start	end	heading	excerpt	mode	classification	evidence	context	deferred	count	digest
inline	docs/spec/00-charter.md	55	89	V1 commitments	V1 commitments	inline	reader-positive|reader-negative|recovery|non-source grammar/schema illustrations	spec_examples_are_losslessly_exercised	isolated UTF-8 source fragments; section heading supplies context	semantic/type/effect/runtime claims remain deferred; reader and recovery facts are exercised	14	7a631365f17e86ed
inline	docs/spec/00-charter.md	90	124	Deliberate v1 exclusions	Deliberate v1 exclusions	inline	reader-positive|reader-negative|recovery|non-source grammar/schema illustrations	spec_examples_are_losslessly_exercised	isolated UTF-8 source fragments; section heading supplies context	semantic/type/effect/runtime claims remain deferred; reader and recovery facts are exercised	13	c7d95b0e2f2ff025
inline	docs/spec/01-source-language.md	8	161	Reader	Reader	inline	reader-positive|reader-negative|recovery|non-source grammar/schema illustrations	spec_examples_are_losslessly_exercised	isolated UTF-8 source fragments; section heading supplies context	semantic/type/effect/runtime claims remain deferred; reader and recovery facts are exercised	89	402c4a3201497597
fence	docs/spec/01-source-language.md	15	58	Reader	module         = trivia, { top-form, trivia }, EOF ;	non-source	non-source grammar/schema illustrations	review-only:grammar-or-schema-illustration	exact fenced fragment	semantic/type/effect/runtime claims remain deferred where applicable	1	-
inline	docs/spec/01-source-language.md	162	222	Labels and applications	Labels and applications	inline	reader-positive|reader-negative|recovery|non-source grammar/schema illustrations	spec_examples_are_losslessly_exercised	isolated UTF-8 source fragments; section heading supplies context	semantic/type/effect/runtime claims remain deferred; reader and recovery facts are exercised	11	cc51a3c115c8b08e
fence	docs/spec/01-source-language.md	175	179	Labels and applications	((choose-function condition) argument)	source	reader-positive	spec_examples_are_losslessly_exercised	exact fenced fragment	semantic/type/effect/runtime claims remain deferred where applicable	1	-
fence	docs/spec/01-source-language.md	201	203	Labels and applications	(log.write "build finished" level: @info "target" "app")	source	reader-positive	spec_examples_are_losslessly_exercised	exact fenced fragment	semantic/type/effect/runtime claims remain deferred where applicable	1	-
fence	docs/spec/01-source-language.md	218	221	Labels and applications	(collect-values v1 v2 v3)	source	reader-positive	spec_examples_are_losslessly_exercised	exact fenced fragment	semantic/type/effect/runtime claims remain deferred where applicable	1	-
inline	docs/spec/01-source-language.md	223	379	Declarations	Declarations	inline	reader-positive|reader-negative|recovery|non-source grammar/schema illustrations	spec_examples_are_losslessly_exercised	isolated UTF-8 source fragments; section heading supplies context	semantic/type/effect/runtime claims remain deferred; reader and recovery facts are exercised	50	734fdc6dec4e7c83
fence	docs/spec/01-source-language.md	227	282	Declarations	top-form = import | deftype | defint | deffect | def | defn | test ;	non-source	non-source grammar/schema illustrations	review-only:grammar-or-schema-illustration	exact fenced fragment	semantic/type/effect/runtime claims remain deferred where applicable	1	-
fence	docs/spec/01-source-language.md	324	340	Declarations	(import io @std.io)	source	reader-positive	spec_examples_are_losslessly_exercised	exact fenced fragment	semantic/type/effect/runtime claims remain deferred where applicable	1	-
fence	docs/spec/01-source-language.md	345	355	Declarations	(import io @std.io)	source	reader-positive	spec_examples_are_losslessly_exercised	exact fenced fragment	semantic/type/effect/runtime claims remain deferred where applicable	1	-
inline	docs/spec/01-source-language.md	380	407	External definitions	External definitions	inline	reader-positive|reader-negative|recovery|non-source grammar/schema illustrations	spec_examples_are_losslessly_exercised	isolated UTF-8 source fragments; section heading supplies context	semantic/type/effect/runtime claims remain deferred; reader and recovery facts are exercised	9	4963a18f323175fb
fence	docs/spec/01-source-language.md	387	392	External definitions	(defn add-checked (left i32 right i32) (result i32 core.arithmetic-error)	source	reader-positive	spec_examples_are_losslessly_exercised	exact fenced fragment	semantic/type/effect/runtime claims remain deferred where applicable	1	-
inline	docs/spec/01-source-language.md	408	483	Types, interfaces, and methods	Types, interfaces, and methods	inline	reader-positive|reader-negative|recovery|non-source grammar/schema illustrations	spec_examples_are_losslessly_exercised	isolated UTF-8 source fragments; section heading supplies context	semantic/type/effect/runtime claims remain deferred; reader and recovery facts are exercised	36	9468c665b86a6045
fence	docs/spec/01-source-language.md	416	429	Types, interfaces, and methods	(defint printable	source	reader-positive	spec_examples_are_losslessly_exercised	exact fenced fragment	semantic/type/effect/runtime claims remain deferred where applicable	1	-
fence	docs/spec/01-source-language.md	440	446	Types, interfaces, and methods	(defint printable	source	reader-positive	spec_examples_are_losslessly_exercised	exact fenced fragment	semantic/type/effect/runtime claims remain deferred where applicable	1	-
fence	docs/spec/01-source-language.md	468	472	Types, interfaces, and methods	(user name: "Ada" id: (user-id 1))	source	reader-positive	spec_examples_are_losslessly_exercised	exact fenced fragment	semantic/type/effect/runtime claims remain deferred where applicable	1	-
inline	docs/spec/01-source-language.md	484	592	Functions and expressions	Functions and expressions	inline	reader-positive|reader-negative|recovery|non-source grammar/schema illustrations	spec_examples_are_losslessly_exercised	isolated UTF-8 source fragments; section heading supplies context	semantic/type/effect/runtime claims remain deferred; reader and recovery facts are exercised	44	ce5880fb677b5f36
fence	docs/spec/01-source-language.md	492	495	Functions and expressions	(lambda (value i32) (result i32 core.arithmetic-error)	source	reader-positive	spec_examples_are_losslessly_exercised	exact fenced fragment	semantic/type/effect/runtime claims remain deferred where applicable	1	-
fence	docs/spec/01-source-language.md	497	513	Functions and expressions	expr = atom | application | lambda	non-source	non-source grammar/schema illustrations	review-only:grammar-or-schema-illustration	exact fenced fragment	semantic/type/effect/runtime claims remain deferred where applicable	1	-
fence	docs/spec/01-source-language.md	538	544	Functions and expressions	(let (tuple name id) pair	source	reader-positive	spec_examples_are_losslessly_exercised	exact fenced fragment	semantic/type/effect/runtime claims remain deferred where applicable	1	-
fence	docs/spec/01-source-language.md	555	559	Functions and expressions	(tuple.of "Ada" 42u64)	source	reader-positive	spec_examples_are_losslessly_exercised	exact fenced fragment	semantic/type/effect/runtime claims remain deferred where applicable	1	-
fence	docs/spec/01-source-language.md	574	578	Functions and expressions	(match value	source	reader-positive	spec_examples_are_losslessly_exercised	exact fenced fragment	semantic/type/effect/runtime claims remain deferred where applicable	1	-
inline	docs/spec/01-source-language.md	593	635	Type ascription and narrowing	Type ascription and narrowing	inline	reader-positive|reader-negative|recovery|non-source grammar/schema illustrations	spec_examples_are_losslessly_exercised	isolated UTF-8 source fragments; section heading supplies context	semantic/type/effect/runtime claims remain deferred; reader and recovery facts are exercised	9	475e7814a1a93b01
fence	docs/spec/01-source-language.md	606	611	Type ascription and narrowing	(as number 1i32)	source	reader-positive	spec_examples_are_losslessly_exercised	exact fenced fragment	semantic/type/effect/runtime claims remain deferred where applicable	1	-
fence	docs/spec/01-source-language.md	621	630	Type ascription and narrowing	(deftype number (union i32 f32)	source	reader-positive	spec_examples_are_losslessly_exercised	exact fenced fragment	semantic/type/effect/runtime claims remain deferred where applicable	1	-
inline	docs/spec/01-source-language.md	636	675	Canonical format	Canonical format	inline	reader-positive|reader-negative|recovery|non-source grammar/schema illustrations	spec_examples_are_losslessly_exercised	isolated UTF-8 source fragments; section heading supplies context	semantic/type/effect/runtime claims remain deferred; reader and recovery facts are exercised	7	f0726ebc6f36d062
inline	docs/spec/02-type-system.md	8	78	Model	Model	inline	reader-positive|reader-negative|recovery|non-source grammar/schema illustrations	spec_examples_are_losslessly_exercised	isolated UTF-8 source fragments; section heading supplies context	semantic/type/effect/runtime claims remain deferred; reader and recovery facts are exercised	58	707d3d182416fd96
fence	docs/spec/02-type-system.md	17	22	Model	bool void char str bytes atom	non-source	non-source grammar/schema illustrations	review-only:grammar-or-schema-illustration	exact fenced fragment	semantic/type/effect/runtime claims remain deferred where applicable	1	-
inline	docs/spec/02-type-system.md	79	108	Overlap and non-unifiability	Overlap and non-unifiability	inline	reader-positive|reader-negative|recovery|non-source grammar/schema illustrations	spec_examples_are_losslessly_exercised	isolated UTF-8 source fragments; section heading supplies context	semantic/type/effect/runtime claims remain deferred; reader and recovery facts are exercised	14	9ee316abeba8c000
inline	docs/spec/02-type-system.md	109	258	Nominal declarations	Nominal declarations	inline	reader-positive|reader-negative|recovery|non-source grammar/schema illustrations	spec_examples_are_losslessly_exercised	isolated UTF-8 source fragments; section heading supplies context	semantic/type/effect/runtime claims remain deferred; reader and recovery facts are exercised	102	93abcdfb4a1906fb
fence	docs/spec/02-type-system.md	116	136	Nominal declarations	type-expr = primitive | type-name | "(", type-name, type-expr+, ")"	non-source	non-source grammar/schema illustrations	review-only:grammar-or-schema-illustration	exact fenced fragment	semantic/type/effect/runtime claims remain deferred where applicable	1	-
fence	docs/spec/02-type-system.md	254	257	Nominal declarations	(deftype number (union i32 f32)	source	reader-positive	spec_examples_are_losslessly_exercised	exact fenced fragment	semantic/type/effect/runtime claims remain deferred where applicable	1	-
inline	docs/spec/02-type-system.md	259	336	Application	Application	inline	reader-positive|reader-negative|recovery|non-source grammar/schema illustrations	spec_examples_are_losslessly_exercised	isolated UTF-8 source fragments; section heading supplies context	semantic/type/effect/runtime claims remain deferred; reader and recovery facts are exercised	52	a0471aef3a56b208
fence	docs/spec/02-type-system.md	315	318	Application	(defn of () (array t)	source	reader-positive	spec_examples_are_losslessly_exercised	exact fenced fragment	semantic/type/effect/runtime claims remain deferred where applicable	1	-
inline	docs/spec/02-type-system.md	337	418	Namespaces and resolution	Namespaces and resolution	inline	reader-positive|reader-negative|recovery|non-source grammar/schema illustrations	spec_examples_are_losslessly_exercised	isolated UTF-8 source fragments; section heading supplies context	semantic/type/effect/runtime claims remain deferred; reader and recovery facts are exercised	24	c6ea2543f19057e4
inline	docs/spec/02-type-system.md	419	438	Functions as values	Functions as values	inline	reader-positive|reader-negative|recovery|non-source grammar/schema illustrations	spec_examples_are_losslessly_exercised	isolated UTF-8 source fragments; section heading supplies context	semantic/type/effect/runtime claims remain deferred; reader and recovery facts are exercised	13	9ee466aa500d75a3
inline	docs/spec/02-type-system.md	439	478	Inference and checking	Inference and checking	inline	reader-positive|reader-negative|recovery|non-source grammar/schema illustrations	spec_examples_are_losslessly_exercised	isolated UTF-8 source fragments; section heading supplies context	semantic/type/effect/runtime claims remain deferred; reader and recovery facts are exercised	13	69e10c2598bcf9fb
inline	docs/spec/02-type-system.md	479	553	Generics	Generics	inline	reader-positive|reader-negative|recovery|non-source grammar/schema illustrations	spec_examples_are_losslessly_exercised	isolated UTF-8 source fragments; section heading supplies context	semantic/type/effect/runtime claims remain deferred; reader and recovery facts are exercised	30	42d5f90a79bdd3ec
fence	docs/spec/02-type-system.md	486	491	Generics	(defn first (items (array t)) (option t)	source	reader-positive	spec_examples_are_losslessly_exercised	exact fenced fragment	semantic/type/effect/runtime claims remain deferred where applicable	1	-
fence	docs/spec/02-type-system.md	512	519	Generics	(deftype ring (record items (array t) head u64)	source	reader-positive	spec_examples_are_losslessly_exercised	exact fenced fragment	semantic/type/effect/runtime claims remain deferred where applicable	1	-
fence	docs/spec/02-type-system.md	521	523	Generics	(ring.empty types: (str))	source	reader-positive	spec_examples_are_losslessly_exercised	exact fenced fragment	semantic/type/effect/runtime claims remain deferred where applicable	1	-
inline	docs/spec/02-type-system.md	554	737	Interfaces and methods	Interfaces and methods	inline	reader-positive|reader-negative|recovery|non-source grammar/schema illustrations	spec_examples_are_losslessly_exercised	isolated UTF-8 source fragments; section heading supplies context	semantic/type/effect/runtime claims remain deferred; reader and recovery facts are exercised	97	42298f55f711a6a9
inline	docs/spec/02-type-system.md	738	743	Iteration	Iteration	inline	reader-positive|reader-negative|recovery|non-source grammar/schema illustrations	spec_examples_are_losslessly_exercised	isolated UTF-8 source fragments; section heading supplies context	semantic/type/effect/runtime claims remain deferred; reader and recovery facts are exercised	2	9563636cf2cd971f
inline	docs/spec/02-type-system.md	744	797	Canonical `iter` contract	Canonical `iter` contract	inline	reader-positive|reader-negative|recovery|non-source grammar/schema illustrations	spec_examples_are_losslessly_exercised	isolated UTF-8 source fragments; section heading supplies context	semantic/type/effect/runtime claims remain deferred; reader and recovery facts are exercised	52	fd84f0e67c372e36
fence	docs/spec/02-type-system.md	748	753	Canonical `iter` contract	(defint iter	source	reader-positive	spec_examples_are_losslessly_exercised	exact fenced fragment	semantic/type/effect/runtime claims remain deferred where applicable	1	-
inline	docs/spec/02-type-system.md	798	827	Standard-library adapter types	Standard-library adapter types	inline	reader-positive|reader-negative|recovery|non-source grammar/schema illustrations	spec_examples_are_losslessly_exercised	isolated UTF-8 source fragments; section heading supplies context	semantic/type/effect/runtime claims remain deferred; reader and recovery facts are exercised	26	405879fd515e7538
fence	docs/spec/02-type-system.md	820	826	Standard-library adapter types	(iter.map xs f)	source	reader-positive	spec_examples_are_losslessly_exercised	exact fenced fragment	semantic/type/effect/runtime claims remain deferred where applicable	1	-
inline	docs/spec/02-type-system.md	828	853	Closed builtin conformance	Closed builtin conformance	inline	reader-positive|reader-negative|recovery|non-source grammar/schema illustrations	spec_examples_are_losslessly_exercised	isolated UTF-8 source fragments; section heading supplies context	semantic/type/effect/runtime claims remain deferred; reader and recovery facts are exercised	42	45b4e6d4b8bb043a
inline	docs/spec/02-type-system.md	854	933	Control flow and failure	Control flow and failure	inline	reader-positive|reader-negative|recovery|non-source grammar/schema illustrations	spec_examples_are_losslessly_exercised	isolated UTF-8 source fragments; section heading supplies context	semantic/type/effect/runtime claims remain deferred; reader and recovery facts are exercised	57	6b467d419a35954a
inline	docs/spec/02-type-system.md	934	976	Type ascription and widening	Type ascription and widening	inline	reader-positive|reader-negative|recovery|non-source grammar/schema illustrations	spec_examples_are_losslessly_exercised	isolated UTF-8 source fragments; section heading supplies context	semantic/type/effect/runtime claims remain deferred; reader and recovery facts are exercised	22	59f83797063b9b96
inline	docs/spec/02-type-system.md	977	1006	Ascription	Ascription	inline	reader-positive|reader-negative|recovery|non-source grammar/schema illustrations	spec_examples_are_losslessly_exercised	isolated UTF-8 source fragments; section heading supplies context	semantic/type/effect/runtime claims remain deferred; reader and recovery facts are exercised	5	efe6755840f92bff
fence	docs/spec/02-type-system.md	992	1000	Ascription	(as number 1i32)          ; widening: i32 is a member of number	source	reader-positive	spec_examples_are_losslessly_exercised	exact fenced fragment	semantic/type/effect/runtime claims remain deferred where applicable	1	-
inline	docs/spec/02-type-system.md	1007	1081	Conversion	Conversion	inline	reader-positive|reader-negative|recovery|non-source grammar/schema illustrations	spec_examples_are_losslessly_exercised	isolated UTF-8 source fragments; section heading supplies context	semantic/type/effect/runtime claims remain deferred; reader and recovery facts are exercised	19	98daa57b29187204
fence	docs/spec/02-type-system.md	1013	1025	Conversion	(defint from	source	reader-positive	spec_examples_are_losslessly_exercised	exact fenced fragment	semantic/type/effect/runtime claims remain deferred where applicable	1	-
fence	docs/spec/02-type-system.md	1033	1041	Conversion	(deftype celsius (newtype f64)	source	reader-positive	spec_examples_are_losslessly_exercised	exact fenced fragment	semantic/type/effect/runtime claims remain deferred where applicable	1	-
fence	docs/spec/02-type-system.md	1046	1050	Conversion	(defn parse-port (text str) (result u32 conversion-error)	source	reader-positive	spec_examples_are_losslessly_exercised	exact fenced fragment	semantic/type/effect/runtime claims remain deferred where applicable	1	-
fence	docs/spec/02-type-system.md	1062	1068	Conversion	(deftype conversion-error	source	reader-positive	spec_examples_are_losslessly_exercised	exact fenced fragment	semantic/type/effect/runtime claims remain deferred where applicable	1	-
inline	docs/spec/02-type-system.md	1082	1089	Host values	Host values	inline	reader-positive|reader-negative|recovery|non-source grammar/schema illustrations	spec_examples_are_losslessly_exercised	isolated UTF-8 source fragments; section heading supplies context	semantic/type/effect/runtime claims remain deferred; reader and recovery facts are exercised	1	c45e3caf01ee84ce
inline	docs/spec/03-effects.md	7	23	Static contract	Static contract	inline	reader-positive|reader-negative|recovery|non-source grammar/schema illustrations	spec_examples_are_losslessly_exercised	isolated UTF-8 source fragments; section heading supplies context	semantic/type/effect/runtime claims remain deferred; reader and recovery facts are exercised	2	e6d640c689440ca2
inline	docs/spec/03-effects.md	24	34	M2 executable effects	M2 executable effects	inline	reader-positive|reader-negative|recovery|non-source grammar/schema illustrations	spec_examples_are_losslessly_exercised	isolated UTF-8 source fragments; section heading supplies context	semantic/type/effect/runtime claims remain deferred; reader and recovery facts are exercised	4	ad5ec7b5b05a3ba1
inline	docs/spec/03-effects.md	35	77	Nominal effects	Nominal effects	inline	reader-positive|reader-negative|recovery|non-source grammar/schema illustrations	spec_examples_are_losslessly_exercised	isolated UTF-8 source fragments; section heading supplies context	semantic/type/effect/runtime claims remain deferred; reader and recovery facts are exercised	11	ca82ff72f5d1785b
fence	docs/spec/03-effects.md	41	50	Nominal effects	(deffect read	source	reader-positive	spec_examples_are_losslessly_exercised	exact fenced fragment	semantic/type/effect/runtime claims remain deferred where applicable	1	-
inline	docs/spec/03-effects.md	78	125	Function effect rows	Function effect rows	inline	reader-positive|reader-negative|recovery|non-source grammar/schema illustrations	spec_examples_are_losslessly_exercised	isolated UTF-8 source fragments; section heading supplies context	semantic/type/effect/runtime claims remain deferred; reader and recovery facts are exercised	18	cd3db5617085bf6a
inline	docs/spec/03-effects.md	126	168	Performed rows are transitively closed	Performed rows are transitively closed	inline	reader-positive|reader-negative|recovery|non-source grammar/schema illustrations	spec_examples_are_losslessly_exercised	isolated UTF-8 source fragments; section heading supplies context	semantic/type/effect/runtime claims remain deferred; reader and recovery facts are exercised	8	5f5574f21bc0992e
fence	docs/spec/03-effects.md	138	148	Performed rows are transitively closed	(deffect audit	source	reader-positive	spec_examples_are_losslessly_exercised	exact fenced fragment	semantic/type/effect/runtime claims remain deferred where applicable	1	-
inline	docs/spec/03-effects.md	169	210	Target consent	Target consent	inline	reader-positive|reader-negative|recovery|non-source grammar/schema illustrations	spec_examples_are_losslessly_exercised	isolated UTF-8 source fragments; section heading supplies context	semantic/type/effect/runtime claims remain deferred; reader and recovery facts are exercised	8	d13575853d7f211c
fence	docs/spec/03-effects.md	173	180	Target consent	(record	data	reader-positive	spec_examples_are_losslessly_exercised	exact fenced fragment	semantic/type/effect/runtime claims remain deferred where applicable	1	-
inline	docs/spec/03-effects.md	211	230	V1 standard effect inventory	V1 standard effect inventory	inline	reader-positive|reader-negative|recovery|non-source grammar/schema illustrations	spec_examples_are_losslessly_exercised	isolated UTF-8 source fragments; section heading supplies context	semantic/type/effect/runtime claims remain deferred; reader and recovery facts are exercised	14	3c3d94ab8d724814
inline	docs/spec/03-effects.md	231	248	Query metadata	Query metadata	inline	reader-positive|reader-negative|recovery|non-source grammar/schema illustrations	spec_examples_are_losslessly_exercised	isolated UTF-8 source fragments; section heading supplies context	semantic/type/effect/runtime claims remain deferred; reader and recovery facts are exercised	1	619377b004b0cb65
inline	docs/spec/04-programs-and-packages.md	9	68	VIBON data documents	VIBON data documents	inline	reader-positive|reader-negative|recovery|non-source grammar/schema illustrations	spec_examples_are_losslessly_exercised	isolated UTF-8 source fragments; section heading supplies context	semantic/type/effect/runtime claims remain deferred; reader and recovery facts are exercised	10	32e632d87c7adbec
fence	docs/spec/04-programs-and-packages.md	17	23	VIBON data documents	data = string | character | boolean | integer | float | void | atom-name	non-source	non-source grammar/schema illustrations	review-only:grammar-or-schema-illustration	exact fenced fragment	semantic/type/effect/runtime claims remain deferred where applicable	1	-
inline	docs/spec/04-programs-and-packages.md	69	93	Project file	Project file	inline	reader-positive|reader-negative|recovery|non-source grammar/schema illustrations	spec_examples_are_losslessly_exercised	isolated UTF-8 source fragments; section heading supplies context	semantic/type/effect/runtime claims remain deferred; reader and recovery facts are exercised	2	c351244c280a84ff
fence	docs/spec/04-programs-and-packages.md	73	92	Project file	(record	data	reader-positive	spec_examples_are_losslessly_exercised	exact fenced fragment	semantic/type/effect/runtime claims remain deferred where applicable	1	-
inline	docs/spec/04-programs-and-packages.md	94	142	M2 `@project.v1` schema	M2 `@project.v1` schema	inline	reader-positive|reader-negative|recovery|non-source grammar/schema illustrations	spec_examples_are_losslessly_exercised	isolated UTF-8 source fragments; section heading supplies context	semantic/type/effect/runtime claims remain deferred; reader and recovery facts are exercised	59	245d5d5b4a869500
inline	docs/spec/04-programs-and-packages.md	143	230	M2 project discovery and source snapshot	M2 project discovery and source snapshot	inline	reader-positive|reader-negative|recovery|non-source grammar/schema illustrations	spec_examples_are_losslessly_exercised	isolated UTF-8 source fragments; section heading supplies context	semantic/type/effect/runtime claims remain deferred; reader and recovery facts are exercised	42	455a357c36f98814
inline	docs/spec/04-programs-and-packages.md	231	292	Packages and targets	Packages and targets	inline	reader-positive|reader-negative|recovery|non-source grammar/schema illustrations	spec_examples_are_losslessly_exercised	isolated UTF-8 source fragments; section heading supplies context	semantic/type/effect/runtime claims remain deferred; reader and recovery facts are exercised	26	87a3752507e83edd
fence	docs/spec/04-programs-and-packages.md	284	291	Packages and targets	hello/	non-source	non-source grammar/schema illustrations	review-only:grammar-or-schema-illustration	exact fenced fragment	semantic/type/effect/runtime claims remain deferred where applicable	1	-
inline	docs/spec/04-programs-and-packages.md	293	346	Modules and imports	Modules and imports	inline	reader-positive|reader-negative|recovery|non-source grammar/schema illustrations	spec_examples_are_losslessly_exercised	isolated UTF-8 source fragments; section heading supplies context	semantic/type/effect/runtime claims remain deferred; reader and recovery facts are exercised	21	4e9b64cf24855d03
fence	docs/spec/04-programs-and-packages.md	314	317	Modules and imports	(import text @std.text)	source	reader-positive	spec_examples_are_losslessly_exercised	exact fenced fragment	semantic/type/effect/runtime claims remain deferred where applicable	1	-
inline	docs/spec/04-programs-and-packages.md	347	395	Dependencies and lock	Dependencies and lock	inline	reader-positive|reader-negative|recovery|non-source grammar/schema illustrations	spec_examples_are_losslessly_exercised	isolated UTF-8 source fragments; section heading supplies context	semantic/type/effect/runtime claims remain deferred; reader and recovery facts are exercised	17	5581337b29660ad8
fence	docs/spec/04-programs-and-packages.md	376	389	Dependencies and lock	(record	data	reader-positive	spec_examples_are_losslessly_exercised	exact fenced fragment	semantic/type/effect/runtime claims remain deferred where applicable	1	-
inline	docs/spec/04-programs-and-packages.md	396	477	M2 bootstrap trust input	M2 bootstrap trust input	inline	reader-positive|reader-negative|recovery|non-source grammar/schema illustrations	spec_examples_are_losslessly_exercised	isolated UTF-8 source fragments; section heading supplies context	semantic/type/effect/runtime claims remain deferred; reader and recovery facts are exercised	23	8825c9cceb7d79ff
inline	docs/spec/04-programs-and-packages.md	478	529	Toolchain standard-library input	Toolchain standard-library input	inline	reader-positive|reader-negative|recovery|non-source grammar/schema illustrations	spec_examples_are_losslessly_exercised	isolated UTF-8 source fragments; section heading supplies context	semantic/type/effect/runtime claims remain deferred; reader and recovery facts are exercised	53	a04ce4b2dd7d8107
inline	docs/spec/04-programs-and-packages.md	530	597	Tests	Tests	inline	reader-positive|reader-negative|recovery|non-source grammar/schema illustrations	spec_examples_are_losslessly_exercised	isolated UTF-8 source fragments; section heading supplies context	semantic/type/effect/runtime claims remain deferred; reader and recovery facts are exercised	44	a2a27010fb9e9719
fence	docs/spec/04-programs-and-packages.md	547	552	Tests	(import assert @std.assert)	source	reader-positive	spec_examples_are_losslessly_exercised	exact fenced fragment	semantic/type/effect/runtime claims remain deferred where applicable	1	-
inline	docs/spec/04-programs-and-packages.md	598	670	M2 assertion contract	M2 assertion contract	inline	reader-positive|reader-negative|recovery|non-source grammar/schema illustrations	spec_examples_are_losslessly_exercised	isolated UTF-8 source fragments; section heading supplies context	semantic/type/effect/runtime claims remain deferred; reader and recovery facts are exercised	43	3495de6394c01337
inline	docs/spec/04-programs-and-packages.md	671	688	M3 assertion contract	M3 assertion contract	inline	reader-positive|reader-negative|recovery|non-source grammar/schema illustrations	spec_examples_are_losslessly_exercised	isolated UTF-8 source fragments; section heading supplies context	semantic/type/effect/runtime claims remain deferred; reader and recovery facts are exercised	12	7bf44f473e000228
inline	docs/spec/04-programs-and-packages.md	689	704	Build products	Build products	inline	reader-positive|reader-negative|recovery|non-source grammar/schema illustrations	spec_examples_are_losslessly_exercised	isolated UTF-8 source fragments; section heading supplies context	semantic/type/effect/runtime claims remain deferred; reader and recovery facts are exercised	4	ba7f11bb34169668
inline	docs/spec/05-tooling.md	1	7	Vibra v1 CLI, MCP, and code tooling	Vibra v1 CLI, MCP, and code tooling	inline	reader-positive|reader-negative|recovery|non-source grammar/schema illustrations	spec_examples_are_losslessly_exercised	isolated UTF-8 source fragments; section heading supplies context	semantic/type/effect/runtime claims remain deferred; reader and recovery facts are exercised	5	51c5a71150eadc76
inline	docs/spec/05-tooling.md	8	20	One workspace engine	One workspace engine	inline	reader-positive|reader-negative|recovery|non-source grammar/schema illustrations	spec_examples_are_losslessly_exercised	isolated UTF-8 source fragments; section heading supplies context	semantic/type/effect/runtime claims remain deferred; reader and recovery facts are exercised	2	5ca71bdb95b67e59
inline	docs/spec/05-tooling.md	21	44	V1 CLI	V1 CLI	inline	reader-positive|reader-negative|recovery|non-source grammar/schema illustrations	spec_examples_are_losslessly_exercised	isolated UTF-8 source fragments; section heading supplies context	semantic/type/effect/runtime claims remain deferred; reader and recovery facts are exercised	6	a073bf9810eccee4
fence	docs/spec/05-tooling.md	25	36	V1 CLI	vibra project init|inspect|add|remove|sync	non-source	non-source grammar/schema illustrations	review-only:grammar-or-schema-illustration	exact fenced fragment	semantic/type/effect/runtime claims remain deferred where applicable	1	-
inline	docs/spec/05-tooling.md	45	254	M2 command contract	M2 command contract	inline	reader-positive|reader-negative|recovery|non-source grammar/schema illustrations	spec_examples_are_losslessly_exercised	isolated UTF-8 source fragments; section heading supplies context	semantic/type/effect/runtime claims remain deferred; reader and recovery facts are exercised	160	d1da909ba79f50d6
fence	docs/spec/05-tooling.md	49	56	M2 command contract	vibra [--format human|json] [--workspace PATH] project init [DEST]	non-source	non-source grammar/schema illustrations	review-only:grammar-or-schema-illustration	exact fenced fragment	semantic/type/effect/runtime claims remain deferred where applicable	1	-
fence	docs/spec/05-tooling.md	179	187	M2 command contract	{	non-source	non-source grammar/schema illustrations	review-only:grammar-or-schema-illustration	exact fenced fragment	semantic/type/effect/runtime claims remain deferred where applicable	1	-
inline	docs/spec/05-tooling.md	255	265	Project operations	Project operations	inline	reader-positive|reader-negative|recovery|non-source grammar/schema illustrations	spec_examples_are_losslessly_exercised	isolated UTF-8 source fragments; section heading supplies context	semantic/type/effect/runtime claims remain deferred; reader and recovery facts are exercised	5	fe2b46b95ea82973
inline	docs/spec/05-tooling.md	266	317	Workspace queries	Workspace queries	inline	reader-positive|reader-negative|recovery|non-source grammar/schema illustrations	spec_examples_are_losslessly_exercised	isolated UTF-8 source fragments; section heading supplies context	semantic/type/effect/runtime claims remain deferred; reader and recovery facts are exercised	50	ba85b81ca310135c
inline	docs/spec/05-tooling.md	318	448	M2 workspace position envelope	M2 workspace position envelope	inline	reader-positive|reader-negative|recovery|non-source grammar/schema illustrations	spec_examples_are_losslessly_exercised	isolated UTF-8 source fragments; section heading supplies context	semantic/type/effect/runtime claims remain deferred; reader and recovery facts are exercised	116	f308b67224d46234
fence	docs/spec/05-tooling.md	391	393	M2 workspace position envelope	(defn f () str "ok")	non-source	non-source grammar/schema illustrations	review-only:grammar-or-schema-illustration	exact fenced fragment	semantic/type/effect/runtime claims remain deferred where applicable	1	-
inline	docs/spec/05-tooling.md	449	485	Transactional edit plans	Transactional edit plans	inline	reader-positive|reader-negative|recovery|non-source grammar/schema illustrations	spec_examples_are_losslessly_exercised	isolated UTF-8 source fragments; section heading supplies context	semantic/type/effect/runtime claims remain deferred; reader and recovery facts are exercised	1	fe42c4858f16bc33
fence	docs/spec/05-tooling.md	458	470	Transactional edit plans	{	non-source	non-source grammar/schema illustrations	review-only:grammar-or-schema-illustration	exact fenced fragment	semantic/type/effect/runtime claims remain deferred where applicable	1	-
inline	docs/spec/05-tooling.md	486	513	MCP server	MCP server	inline	reader-positive|reader-negative|recovery|non-source grammar/schema illustrations	spec_examples_are_losslessly_exercised	isolated UTF-8 source fragments; section heading supplies context	semantic/type/effect/runtime claims remain deferred; reader and recovery facts are exercised	10	e85654467612979b
inline	docs/spec/05-tooling.md	514	528	Schemas and errors	Schemas and errors	inline	reader-positive|reader-negative|recovery|non-source grammar/schema illustrations	spec_examples_are_losslessly_exercised	isolated UTF-8 source fragments; section heading supplies context	semantic/type/effect/runtime claims remain deferred; reader and recovery facts are exercised	1	bda144c213250063
inline	docs/spec/06-runtime.md	8	29	Semantic reference	Semantic reference	inline	reader-positive|reader-negative|recovery|non-source grammar/schema illustrations	spec_examples_are_losslessly_exercised	isolated UTF-8 source fragments; section heading supplies context	semantic/type/effect/runtime claims remain deferred; reader and recovery facts are exercised	2	e9704740f284694d
inline	docs/spec/06-runtime.md	30	52	Evaluation	Evaluation	inline	reader-positive|reader-negative|recovery|non-source grammar/schema illustrations	spec_examples_are_losslessly_exercised	isolated UTF-8 source fragments; section heading supplies context	semantic/type/effect/runtime claims remain deferred; reader and recovery facts are exercised	10	daa3506bcb46a91a
inline	docs/spec/06-runtime.md	53	119	M2 module-value initialization	M2 module-value initialization	inline	reader-positive|reader-negative|recovery|non-source grammar/schema illustrations	spec_examples_are_losslessly_exercised	isolated UTF-8 source fragments; section heading supplies context	semantic/type/effect/runtime claims remain deferred; reader and recovery facts are exercised	13	7f67c9588f7a95be
inline	docs/spec/06-runtime.md	120	165	Tail calls	Tail calls	inline	reader-positive|reader-negative|recovery|non-source grammar/schema illustrations	spec_examples_are_losslessly_exercised	isolated UTF-8 source fragments; section heading supplies context	semantic/type/effect/runtime claims remain deferred; reader and recovery facts are exercised	32	097f4cc429d25562
inline	docs/spec/06-runtime.md	166	187	M2 compiler intrinsic profile	M2 compiler intrinsic profile	inline	reader-positive|reader-negative|recovery|non-source grammar/schema illustrations	spec_examples_are_losslessly_exercised	isolated UTF-8 source fragments; section heading supplies context	semantic/type/effect/runtime claims remain deferred; reader and recovery facts are exercised	11	4977d05a7677a2d0
inline	docs/spec/06-runtime.md	188	278	M3 compiler intrinsic registry	M3 compiler intrinsic registry	inline	reader-positive|reader-negative|recovery|non-source grammar/schema illustrations	spec_examples_are_losslessly_exercised	isolated UTF-8 source fragments; section heading supplies context	semantic/type/effect/runtime claims remain deferred; reader and recovery facts are exercised	161	9a89befc6d3f048b
inline	docs/spec/06-runtime.md	279	314	Canonical value encoding	Canonical value encoding	inline	reader-positive|reader-negative|recovery|non-source grammar/schema illustrations	spec_examples_are_losslessly_exercised	isolated UTF-8 source fragments; section heading supplies context	semantic/type/effect/runtime claims remain deferred; reader and recovery facts are exercised	30	70fcf743eb564e85
inline	docs/spec/06-runtime.md	315	342	External providers	External providers	inline	reader-positive|reader-negative|recovery|non-source grammar/schema illustrations	spec_examples_are_losslessly_exercised	isolated UTF-8 source fragments; section heading supplies context	semantic/type/effect/runtime claims remain deferred; reader and recovery facts are exercised	6	a91033946419685f
inline	docs/spec/06-runtime.md	343	355	Traps	Traps	inline	reader-positive|reader-negative|recovery|non-source grammar/schema illustrations	spec_examples_are_losslessly_exercised	isolated UTF-8 source fragments; section heading supplies context	semantic/type/effect/runtime claims remain deferred; reader and recovery facts are exercised	6	bedfee7a966a9c69
inline	docs/spec/06-runtime.md	356	379	WebAssembly boundary	WebAssembly boundary	inline	reader-positive|reader-negative|recovery|non-source grammar/schema illustrations	spec_examples_are_losslessly_exercised	isolated UTF-8 source fragments; section heading supplies context	semantic/type/effect/runtime claims remain deferred; reader and recovery facts are exercised	6	ccf907fd2dddb339
inline	docs/spec/06-runtime.md	403	415	Claims and limits	Claims and limits	inline	reader-positive|reader-negative|recovery|non-source grammar/schema illustrations	spec_examples_are_losslessly_exercised	isolated UTF-8 source fragments; section heading supplies context	semantic/type/effect/runtime claims remain deferred; reader and recovery facts are exercised	2	2974a7783fe6cda3
inline	docs/spec/07-diagnostics-and-conformance.md	8	144	Diagnostics are a language surface	Diagnostics are a language surface	inline	reader-positive|reader-negative|recovery|non-source grammar/schema illustrations	spec_examples_are_losslessly_exercised	isolated UTF-8 source fragments; section heading supplies context	semantic/type/effect/runtime claims remain deferred; reader and recovery facts are exercised	178	5e0c73f19e0d18ac
inline	docs/spec/07-diagnostics-and-conformance.md	145	228	M2 unavailable-form spans	M2 unavailable-form spans	inline	reader-positive|reader-negative|recovery|non-source grammar/schema illustrations	spec_examples_are_losslessly_exercised	isolated UTF-8 source fragments; section heading supplies context	semantic/type/effect/runtime claims remain deferred; reader and recovery facts are exercised	37	6983a93ddd6c496a
inline	docs/spec/07-diagnostics-and-conformance.md	245	605	Conformance corpus	Conformance corpus	inline	reader-positive|reader-negative|recovery|non-source grammar/schema illustrations	spec_examples_are_losslessly_exercised	isolated UTF-8 source fragments; section heading supplies context	semantic/type/effect/runtime claims remain deferred; reader and recovery facts are exercised	361	c9c23844d8b9ea75
inline	docs/spec/07-diagnostics-and-conformance.md	606	629	Conformance profiles	Conformance profiles	inline	reader-positive|reader-negative|recovery|non-source grammar/schema illustrations	spec_examples_are_losslessly_exercised	isolated UTF-8 source fragments; section heading supplies context	semantic/type/effect/runtime claims remain deferred; reader and recovery facts are exercised	9	35c22ded50663986
inline	docs/spec/07-diagnostics-and-conformance.md	630	656	Required implementation suites	Required implementation suites	inline	reader-positive|reader-negative|recovery|non-source grammar/schema illustrations	spec_examples_are_losslessly_exercised	isolated UTF-8 source fragments; section heading supplies context	semantic/type/effect/runtime claims remain deferred; reader and recovery facts are exercised	3	30cf83a0f8f366a0
inline	docs/spec/07-diagnostics-and-conformance.md	657	680	V1 release gate	V1 release gate	inline	reader-positive|reader-negative|recovery|non-source grammar/schema illustrations	spec_examples_are_losslessly_exercised	isolated UTF-8 source fragments; section heading supplies context	semantic/type/effect/runtime claims remain deferred; reader and recovery facts are exercised	2	caa56e87b4d10616
